GCP Regions, Countries, and Availability Zones - Complete List

REGION_NAME,COUNTRY,ZONES
africa-south1,South Africa,"africa-south1-a, africa-south1-b, africa-south1-c"
asia-east1,Taiwan,"asia-east1-a, asia-east1-b, asia-east1-c"
asia-east2,Hong Kong,"asia-east2-a, asia-east2-b, asia-east2-c"
asia-northeast1,Japan,"asia-northeast1-a, asia-northeast1-b, asia-northeast1-c"
asia-northeast2,Japan,"asia-northeast2-a, asia-northeast2-b, asia-northeast2-c"
asia-northeast3,South Korea,"asia-northeast3-a, asia-northeast3-b, asia-northeast3-c"
asia-south1,India,"asia-south1-a, asia-south1-b, asia-south1-c"
asia-south2,India,"asia-south2-a, asia-south2-b, asia-south2-c"
asia-southeast1,Singapore,"asia-southeast1-a, asia-southeast1-b, asia-southeast1-c"
asia-southeast2,Indonesia,"asia-southeast2-a, asia-southeast2-b, asia-southeast2-c"
australia-southeast1,Australia,"australia-southeast1-a, australia-southeast1-b, australia-southeast1-c"
australia-southeast2,Australia,"australia-southeast2-a, australia-southeast2-b, australia-southeast2-c"
europe-central2,Poland,"europe-central2-a, europe-central2-b, europe-central2-c"
europe-north1,Finland,"europe-north1-a, europe-north1-b, europe-north1-c"
europe-north2,Sweden,"europe-north2-a, europe-north2-b, europe-north2-c"
europe-southwest1,France,"europe-southwest1-a, europe-southwest1-b, europe-southwest1-c"
europe-west1,Belgium,"europe-west1-b, europe-west1-c, europe-west1-d"
europe-west10,Germany,"europe-west10-a, europe-west10-b, europe-west10-c"
europe-west12,Germany,"europe-west12-a, europe-west12-b, europe-west12-c"
europe-west2,United Kingdom,"europe-west2-a, europe-west2-b, europe-west2-c"
europe-west3,Germany,"europe-west3-a, europe-west3-b, europe-west3-c"
europe-west4,Netherlands,"europe-west4-a, europe-west4-b, europe-west4-c"
europe-west6,Switzerland,"europe-west6-a, europe-west6-b, europe-west6-c"
europe-west8,Italy,"europe-west8-a, europe-west8-b, europe-west8-c"
europe-west9,France,"europe-west9-a, europe-west9-b, europe-west9-c"
me-central1,Saudi Arabia,"me-central1-a, me-central1-b, me-central1-c"
me-central2,Qatar,"me-central2-a, me-central2-b, me-central2-c"
me-west1,Israel,"me-west1-a, me-west1-b, me-west1-c"
northamerica-northeast1,Canada,"northamerica-northeast1-a, northamerica-northeast1-b, northamerica-northeast1-c"
northamerica-northeast2,Canada,"northamerica-northeast2-a, northamerica-northeast2-b, northamerica-northeast2-c"
northamerica-south1,Mexico,"northamerica-south1-a, northamerica-south1-b, northamerica-south1-c"
southamerica-east1,Brazil,"southamerica-east1-a, southamerica-east1-b, southamerica-east1-c"
southamerica-west1,Chile,"southamerica-west1-a, southamerica-west1-b, southamerica-west1-c"
us-central1,United States,"us-central1-a, us-central1-b, us-central1-c, us-central1-f"
us-east1,United States,"us-east1-b, us-east1-c, us-east1-d"
us-east4,United States,"us-east4-a, us-east4-b, us-east4-c"
us-east5,United States,"us-east5-a, us-east5-b, us-east5-c"
us-south1,United States,"us-south1-a, us-south1-b, us-south1-c"
us-west1,United States,"us-west1-a, us-west1-b, us-west1-c"
us-west2,United States,"us-west2-a, us-west2-b, us-west2-c"
us-west3,United States,"us-west3-a, us-west3-b, us-west3-c"
us-west4,United States,"us-west4-a, us-west4-b, us-west4-c"

SUMMARY:
========
Total Regions: 43
Total Countries: 24
Total Zones: 128

Countries by Continent:
- Africa: South Africa (1 region)
- Asia: Taiwan, Hong Kong, Japan (2), South Korea, India (2), Singapore, Indonesia (7 regions)
- Australia: Australia (2 regions)
- Europe: Poland, Finland, Sweden, France (2), Belgium, Germany (3), United Kingdom, Netherlands, Switzerland, Italy (10 regions)
- Middle East: Saudi Arabia, Qatar, Israel (3 regions)
- North America: Canada (2), Mexico, United States (8) (11 regions)
- South America: Brazil, Chile (2 regions)
